"num","title","content","date","bpw","bid","hit"
13,test4,"<p>test4test4test4test4<br></p><p><b>test4test4test4test4</b>&nbsp;</p><p><u><span style=""color: rgb(255, 255, 255);"">test4</span><span style=""color: rgb(255, 255, 255);"">test4</span><span style=""color: rgb(255, 255, 255);"">test4</span><span style=""color: rgb(255, 255, 255);"">test4</span></u>&nbsp;</p><p><i><span style=""color: rgb(255, 255, 255);"">test4</span><span style=""color: rgb(255, 255, 255);"">test4</span><span style=""color: rgb(255, 255, 255);"">test4</span><span style=""color: rgb(255, 255, 255);"">test4</span></i><u>&nbsp;</u></p><p><i><span style=""color: rgb(0, 158, 37);"">test4</span></i><span style=""color: rgb(0, 158, 37);""><i>test4</i></span><span style=""color: rgb(0, 158, 37);""><i>test4</i></span><span style=""color: rgb(0, 158, 37);""><i>test4</i></span><i>&nbsp;</i></p><p><i style=""""><span style=""color: rgb(58, 50, 195); font-size: 12pt;"">test4</span></i><span style=""color: rgb(58, 50, 195); font-size: 12pt;""><i>test4</i></span><span style=""color: rgb(58, 50, 195); font-size: 12pt;""><i>test4</i></span><span style=""color: rgb(58, 50, 195); font-size: 12pt;""><i>test4</i></span><i style="""">&nbsp;</i></p>",2019-07-02 09:10:11,test4,test4,0
14,test44,<p>test44test44test44<br></p>,2019-07-02 09:10:26,test44,test4,0
15,test444,"<p><span style=""font-family: ê¶ì„œ, Gungsuh, GungSeo;"">test444test444test444test444</span>&nbsp;</p>",2019-07-02 09:10:41,test444,test4,1
16,test4444,"<p><span style=""color: rgb(239, 0, 124);"">test4444test4444test4444test4444test4444</span>&nbsp;</p>",2019-07-02 09:11:14,test4444,test4,1
17,test3,<p>test3test3test3test3<br></p>,2019-07-02 09:11:33,test3,test3,0
18,test33,<p>test33test33test33test33test33<br></p><p>test33test33test33test33test33<br></p><p>test33test33test33test33test33<br></p>,2019-07-02 09:11:42,test33,test3,0
19,test333,<p>test333test333test333test333test333<br></p><p>test333test333test333test333test333test333<br></p><p>test333test333test333test333test333test333test333<br></p>,2019-07-02 09:11:56,test333,test3,0
20,test3333,<p>test3333<br></p><p>test3333test3333<br></p><p>test3333test3333test3333<br></p><p>test3333test3333test3333test3333<br></p><p>test3333test3333test3333test3333test3333<br></p><p>test3333test3333test3333test3333<br></p><p>test3333test3333test3333<br></p><p>test3333test3333<br></p><p>test3333<br></p>,2019-07-02 09:12:14,test3333,test3,0
21,test2,"<p><span style=""color: rgb(255, 0, 0);"">test2test2test2</span>&nbsp;</p><p><span style=""color: rgb(58, 50, 195);"">test2test2test2test2</span>&nbsp;</p><p><span style=""color: rgb(255, 239, 0);"">test2test2test2</span>&nbsp;</p>",2019-07-02 09:12:46,test2,test2,0
22,test22,<p>test22test22test22test22<br></p><p>test22test22test22test22<br></p><p>test22test22test22test22<br></p>,2019-07-02 09:13:00,test22,test2,0
23,test222,<p>test22test22test22test22test22<br></p><p>test22test22test22test22<br></p><p>test22test22test22<br></p><p>test22test22<br></p><p>test22<br></p>,2019-07-02 09:13:13,test22,test2,0
24,test2222,<p>test2222test2222test2222<br></p><p>test2222test2222<br></p><p>test2222<br></p><p>test2222test2222<br></p><p>test2222test2222test2222<br></p>,2019-07-02 09:13:28,test2222,test2,3
