"name","region","place","theme","member","picture"
고수동굴,충북,단양,자연,가족,img/충북/고수동굴.jpg
구인사,충북,단양,역사,가족,img/충북/구인사.jpg
다누리아쿠아리움,충북,단양,체험,가족,img/충북/다누리아쿠아리움.jpg
단양패러글라이딩,충북,단양,체험,커플,img/충북/단양패러글라이딩.jpg
라바랜드,충북,충주,체험,가족,img/충북/라바랜드.jpg
라이트월드,충북,충주,체험,커플,img/충북/라이트월드.jpg
문의마을,충북,청주,감성,싱글,img/충북/문의마을.jpg
법주사,충북,보은,역사,가족,img/충북/법주사.jpg
남국사,제주,제주,역사,가족,img/제주/남국사.jpg
노리매공원,제주,서귀포,자연,싱글,img/제주/노리매공원.jpg
보롬왓,제주,서귀포,자연,커플,img/제주/보롬왓.jpg
아침미소목장,제주,제주,체험,가족,img/제주/아침미소목장.jpg
카멜리아힐,제주,서귀포,자연,커플,img/제주/카멜리아힐.jpg
한라수목원,제주,제주,자연,가족,img/제주/한라수목원.jpg
한림공원,제주,제주,자연,싱글,img/제주/한림공원.jpg
혼인지,제주,서귀포,자연,커플,img/제주/혼인지.jpg
휴애리자연생활공원,제주,서귀포,자연,싱글,img/제주/휴애리자연생활공원.jpg
간절곶,울산,울주,자연,가족,img/울산/간절곶.jpg
대왕암공원,울산,동구,자연,가족,img/울산/대왕암공원.jpg
함월루,울산,중구,역사,가족,img/울산/함월루.jpg
롯데꿈동산,울산,남구,체험,커플,img/울산/롯데꿈동산.jpg
태화강,울산,남구,자연,가족,img/울산/태화강.jpg
n서울타워,서울,용산,자연,커플,img/서울/n서울타워.jpg
경복궁,서울,종로,역사,가족,img/서울/경복궁.jpg
낙산공원,서울,종로,자연,가족,img/서울/낙산공원.jpg
ddp,서울,중구,체험,친구,img/서울/ddp.jpg
코엑스,서울,강남,체험,친구,img/서울/코엑스.jpg
제2롯데월드,서울,송파,체험,커플,img/서울/제2롯데월드.jpg
서울로,서울,중구,감성,커플,img/서울/서울로.jpg
네이처파크,대구,달성,자연,가족,img/대구/네이처파크.jpg
김광석길,대구,중구,감성,친구,img/대구/김광석길.jpg
향촌문화관,대구,중구,감성,가족,img/대구/향촌문화관.jpg
이월드,대구,달서,체험,커플,img/대구/이월드.jpg
청라언덕,대구,중구,자연,커플,img/대구/청라언덕.jpg
대구예술발전소,대구,중구,감성,친구,img/대구/대구예술발전소.jpg
나르샤파크,강원,인제,체험,커플,img/강원/나르샤파크.jpg
마운틴코스터,강원,평창,체험,커플,img/강원/마운틴코스터.jpg
삼양목장,강원,평창,체험,가족,img/강원/삼양목장.jpg
안목해변,강원,강릉,자연,싱글,img/강원/안목해변.jpg
알파카월드,강원,홍천,체험,가족,img/강원/알파카월드.jpg
월정사,강원,평창,역사,가족,img/강원/월정사.jpg
이사부사자공원,강원,삼척,역사,싱글,img/강원/이사부사자공원.jpg
주주파크,강원,평창,체험,가족,img/강원/주주파크.jpg
해양레일바이크,강원,삼척,체험,커플,img/강원/해양레일바이크.jpg
해피초원목장,강원,춘천,자연,가족,img/강원/해피초원목장.jpg
허브나라농원,강원,평창,체험,싱글,img/강원/허브나라농원.jpg
금강로하스공원,대전,대덕,자연,가족,img/대전/금강로하스공원.jpg
계룡산,대전,유성,자연,가족,img/대전/계룡산.jpg
엑스포과학공원,대전,유성,체험,친구,img/대전/엑스포과학공원.jpg
오월드,대전,중구,체험,커플,img/대전/오월드.jpg
장태산,대전,서구,체험,가족,img/대전/장태산.jpg
주산지,경북,청송,자연,가족,img/경북/주산지.jpg
파도소리길,경북,경주,자연,가족,img/경북/파도소리길.jpg
해맞이공원,경북,영덕,자연,가족,img/경북/해맞이공원.jpg
일본가옥거리,경북,포항,감성,친구,img/경북/일본가옥거리.jpg
포항운하,경북,포항,체험,커플,img/경북/포항운하.jpg
호미곶,경북,포항,자연,가족,img/경북/호미곶.jpg
양떼목장,전남,화순,자연,가족,img/전남/양떼목장.jpg
편백자연휴양림,전남,화순,자연,가족,img/전남/편백자연휴양림.jpg
해상케이블카,전남,여수,자연,가족,img/전남/해상케이블카.jpg
